<ExpandableItem summary={<>Click me to expand</>}>
  <Text>This is the content that appears when expanded.</Text>
  <Text>You can add any content here.</Text>
</ExpandableItem>

<ExpandableItem 
  summary={<>FAQ Question 1</>}
  defaultOpen={true}>
  <Text>This one starts expanded by default.</Text>
  <Text>You can add multiple paragraphs or any component here.</Text>
</ExpandableItem>

<ExpandableItem 
  summary={<FlexLayout alignItems="center" gap="2">
    <Icon name="info" />
    <Text>With custom summary content</Text>
  </FlexLayout>}
  chevronIcon="chevronright">
  <Text>You can customize the summary content with any components.</Text>
  <Text>The chevron icon can also be customized.</Text>
</ExpandableItem>

<ExpandableItem 
  summary={<>Disabled item</>}
  disabled={true}>
  <Text>This content won't be accessible because the item is disabled.</Text>
</ExpandableItem>
