{
  "_overview": "Components Overview",
  "APICall": "APICall",
  "App": "App",
  "AppHeader": "AppHeader",
  "AppState": "AppState",
  "AutoComplete": "AutoComplete",
  "Avatar": "Avatar",
  "Backdrop": "Backdrop",
  "Badge": "Badge",
  "BarChart": "BarChart",
  "Bookmark": "Bookmark",
  "Breakout": "Breakout",
  "Button": "Button",
  "CHStack": "CHStack",
  "CVStack": "CVStack",
  "Card": "Card",
  "ChangeListener": "ChangeListener",
  "Checkbox": "Checkbox",
  "ColorPicker": "ColorPicker",
  "Column": "Column",
  "ContentSeparator": "ContentSeparator",
  "DataSource": "DataSource",
  "DatePicker": "DatePicker",
  "DonutChart": "DonutChart",
  "DropdownMenu": "DropdownMenu",
  "EmojiSelector": "EmojiSelector",
  "ExpandableItem": "ExpandableItem",
  "FileInput": "FileInput",
  "FileUploadDropZone": "FileUploadDropZone",
  "FlowLayout": "FlowLayout",
  "Footer": "Footer",
  "Form": "Form",
  "FormItem": "FormItem",
  "FormSection": "FormSection",
  "Fragment": "Fragment",
  "H1": "H1",
  "H2": "H2",
  "H3": "H3",
  "H4": "H4",
  "H5": "H5",
  "H6": "H6",
  "HSplitter": "HSplitter",
  "HStack": "HStack",
  "Heading": "Heading",
  "Icon": "Icon",
  "Image": "Image",
  "Items": "Items",
  "LabelList": "LabelList",
  "Legend": "Legend",
  "LineChart": "LineChart",
  "Link": "Link",
  "List": "List",
  "Logo": "Logo",
  "Markdown": "Markdown",
  "MenuItem": "MenuItem",
  "MenuSeparator": "MenuSeparator",
  "ModalDialog": "ModalDialog",
  "NavGroup": "NavGroup",
  "NavLink": "NavLink",
  "NavPanel": "NavPanel",
  "NoResult": "NoResult",
  "NumberBox": "NumberBox",
  "Option": "Option",
  "Page": "Page",
  "PageMetaTitle": "PageMetaTitle",
  "Pages": "Pages",
  "PasswordInput": "PasswordInput",
  "PieChart": "PieChart",
  "ProgressBar": "ProgressBar",
  "Queue": "Queue",
  "RadioGroup": "RadioGroup",
  "RealTimeAdapter": "RealTimeAdapter",
  "Redirect": "Redirect",
  "Select": "Select",
  "Slider": "Slider",
  "SpaceFiller": "SpaceFiller",
  "Spinner": "Spinner",
  "Splitter": "Splitter",
  "Stack": "Stack",
  "StickyBox": "StickyBox",
  "SubMenuItem": "SubMenuItem",
  "Switch": "Switch",
  "TabItem": "TabItem",
  "Table": "Table",
  "TableOfContents": "TableOfContents",
  "Tabs": "Tabs",
  "Text": "Text",
  "TextArea": "TextArea",
  "TextBox": "TextBox",
  "Theme": "Theme",
  "ToneChangerButton": "ToneChangerButton",
  "VSplitter": "VSplitter",
  "VStack": "VStack"
}